<?xml version="1.0" encoding="UTF-8"?>
<project-private xmlns="http://www.netbeans.org/ns/project-private/1">
    <editor-bookmarks xmlns="http://www.netbeans.org/ns/editor-bookmarks/1"/>
    <open-files xmlns="http://www.netbeans.org/ns/projectui-open-files/1">
        <file>file:/C:/Documents%20and%20Settings/student/Mijn%20documenten/NetBeansProjects/Labojava/blz48/Oef1/src/hellotvxlet/HelloTVXlet.java</file>
        <file>file:/C:/Documents%20and%20Settings/student/Mijn%20documenten/NetBeansProjects/Labojava/blz48/Oef1/src/hellotvxlet/MijnComponent.java</file>
        <file>file:/C:/Documents%20and%20Settings/student/Mijn%20documenten/NetBeansProjects/Labojava/blz48/Oef1/src/hellotvxlet/MijnTimerTask.java</file>
    </open-files>
</project-private>
