<?xml version="1.0" encoding="UTF-8"?>
<project-private xmlns="http://www.netbeans.org/ns/project-private/1">
    <editor-bookmarks xmlns="http://www.netbeans.org/ns/editor-bookmarks/1"/>
    <open-files xmlns="http://www.netbeans.org/ns/projectui-open-files/1">
        <file>file:/C:/Documents%20and%20Settings/student/Mijn%20documenten/NetBeansProjects/Labojava/blz31/Oef8/src/oef8/Betaalbaar.java</file>
        <file>file:/C:/Documents%20and%20Settings/student/Mijn%20documenten/NetBeansProjects/Labojava/blz31/Oef8/src/oef8/Main.java</file>
        <file>file:/C:/Documents%20and%20Settings/student/Mijn%20documenten/NetBeansProjects/Labojava/blz31/Oef8/src/oef8/PartTimeWerknemer.java</file>
        <file>file:/C:/Documents%20and%20Settings/student/Mijn%20documenten/NetBeansProjects/Labojava/blz31/Oef8/src/oef8/StudentWerknemer.java</file>
        <file>file:/C:/Documents%20and%20Settings/student/Mijn%20documenten/NetBeansProjects/Labojava/blz31/Oef8/src/oef8/Werknemer.java</file>
    </open-files>
</project-private>
